Date,Month,Days,Order(Forecast),Orders,Call(Forecast),Calls,Call.per.Order,AVG Agents Required,AVG Roster,AVG Present,Forecast vs Actual(Calls),Deviation%
1/1/2014,Jan,Wed,19721,47327,19528,8147,0.17,38,57,48,-11381,-1.4
1/2/2014,Jan,Thu,13938,19107,18480,19028,1.00,41,66,54,548,0.03
1/3/2014,Jan,Fri,15810,61430,15581,18648,0.30,40,68,57,3067,0.16
1/4/2014,Jan,Sat,16114,17652,13944,10230,0.58,35,59,49,-3714,-0.36
1/5/2014,Jan,Sun,18290,19855,11810,8764,0.44,25,59,47,-3046,-0.35
1/6/2014,Jan,Mon,19128,46135,17392,8489,0.18,38,68,53,-8903,-1.05
1/7/2014,Jan,Tue,15151,40654,19904,7842,0.19,35,68,56,-12062,-1.54
1/8/2014,Jan,Wed,16276,50842,11972,11257,0.22,38,64,50,-715,-0.06
1/9/2014,Jan,Thu,16329,39880,6440,18225,0.46,41,68,53,11785,0.65
1/10/2014,Jan,Fri,11241,51781,9083,16562,0.32,40,59,45,7479,0.45
1/11/2014,Jan,Sat,16701,54967,16242,16366,0.30,35,51,42,124,0.01
1/12/2014,Jan,Sun,17162,38338,10783,8405,0.22,25,52,45,-2378,-0.28
1/13/2014,Jan,Mon,11551,33797,15788,16125,0.48,38,62,55,337,0.02
1/14/2014,Jan,Tue,16459,66442,14288,7448,0.11,35,62,57,-6840,-0.92
1/15/2014,Jan,Wed,16996,69384,6279,12058,0.17,38,63,57,5779,0.48
1/16/2014,Jan,Thu,16280,66391,10744,13916,0.21,41,62,55,3172,0.23
1/17/2014,Jan,Fri,13217,76746,11407,16796,0.22,40,63,57,5389,0.32
1/18/2014,Jan,Sat,18502,76418,18636,13234,0.17,35,63,56,-5402,-0.41
1/19/2014,Jan,Sun,14491,29537,12729,10108,0.34,25,60,49,-2621,-0.26
1/20/2014,Jan,Mon,10056,57066,9205,10403,0.18,38,71,62,1198,0.12
1/21/2014,Jan,Tue,12165,21430,13740,16102,0.75,35,72,63,2362,0.15
1/22/2014,Jan,Wed,18735,58494,6372,17738,0.30,38,71,60,11366,0.64
1/23/2014,Jan,Thu,16894,77221,11296,16191,0.21,41,71,62,4895,0.3
1/24/2014,Jan,Fri,12471,38154,10957,11156,0.29,40,68,60,199,0.02
1/25/2014,Jan,Sat,11571,24583,6802,15040,0.61,35,66,55,8238,0.55
1/26/2014,Jan,Sun,14778,55685,18997,8204,0.15,25,56,48,-10793,-1.32
1/27/2014,Jan,Mon,11072,77134,10230,14509,0.19,38,66,62,4279,0.29
1/28/2014,Jan,Tue,18173,23373,14525,10157,0.43,35,63,58,-4368,-0.43
1/29/2014,Jan,Wed,10366,22357,7706,18879,0.84,38,64,58,11173,0.59
1/30/2014,Jan,Thu,19104,25312,12106,17509,0.69,41,66,61,5403,0.31
1/31/2014,Jan,Fri,18763,36250,10228,9521,0.26,40,62,59,-707,-0.07
2/1/2014,Feb,Sat,19315,25104,11261,18485,0.74,43,58,53,7224,0.39
2/2/2014,Feb,Sun,10753,72481,17880,14051,0.19,37,53,44,-3829,-0.27
2/3/2014,Feb,Mon,16321,48191,17651,8348,0.17,46,63,56,-9303,-1.11
2/4/2014,Feb,Tue,13444,37440,18496,9969,0.27,44,63,57,-8527,-0.86
2/5/2014,Feb,Wed,18262,51177,12774,18193,0.36,45,61,56,5419,0.3
2/6/2014,Feb,Thu,17729,61506,11030,10519,0.17,45,62,57,-511,-0.05
2/7/2014,Feb,Fri,11729,36419,18364,14828,0.41,45,60,55,-3536,-0.24
2/8/2014,Feb,Sat,18204,23033,11231,11277,0.49,43,59,53,46,0
2/9/2014,Feb,Sun,11107,79148,7702,6398,0.08,37,50,43,-1304,-0.2
2/10/2014,Feb,Mon,15021,63042,16717,16374,0.26,46,60,53,-343,-0.02
2/11/2014,Feb,Tue,14734,55057,11866,16549,0.30,44,63,60,4683,0.28
2/12/2014,Feb,Wed,13889,44274,8997,7365,0.17,45,60,57,-1632,-0.22
2/13/2014,Feb,Thu,18587,40193,9100,17970,0.45,45,62,57,8870,0.49
2/14/2014,Feb,Fri,18492,49300,16662,12234,0.25,45,58,54,-4428,-0.36
2/15/2014,Feb,Sat,16420,29159,19953,15900,0.55,43,56,52,-4053,-0.25
2/16/2014,Feb,Sun,12162,30795,18701,12305,0.40,37,47,41,-6396,-0.52
2/17/2014,Feb,Mon,12691,32619,17686,11416,0.35,46,61,57,-6270,-0.55
2/18/2014,Feb,Tue,11484,25362,17883,18805,0.74,44,61,58,922,0.05
2/19/2014,Feb,Wed,16366,25292,15134,8019,0.32,45,61,58,-7115,-0.89
2/20/2014,Feb,Thu,10343,61276,11034,14983,0.24,45,61,58,3949,0.26
2/21/2014,Feb,Fri,15132,62258,6750,11430,0.18,45,56,53,4680,0.41
2/22/2014,Feb,Sat,19170,47693,17010,10922,0.23,43,53,49,-6088,-0.56
2/23/2014,Feb,Sun,11688,15732,8019,9371,0.60,37,50,46,1352,0.14
2/24/2014,Feb,Mon,14372,29371,13578,11797,0.40,46,59,56,-1781,-0.15
2/25/2014,Feb,Tue,15037,66618,14156,13251,0.20,44,61,57,-905,-0.07
2/26/2014,Feb,Wed,10248,60363,15556,7993,0.13,45,64,59,-7563,-0.95
2/27/2014,Feb,Thu,12724,57540,11180,19322,0.34,45,62,56,8142,0.42
2/28/2014,Feb,Fri,17393,50059,10055,19166,0.38,45,60,56,9111,0.48
3/1/2014,Mar,Sat,14435,49592,9530,6131,0.12,47,56,50,-3399,-0.55
3/2/2014,Mar,Sun,16628,27958,13962,8291,0.30,41,54,45,-5671,-0.68
3/3/2014,Mar,Mon,12203,63303,18712,16195,0.26,44,60,55,-2517,-0.16
3/4/2014,Mar,Tue,19887,21493,12051,7228,0.34,45,62,58,-4823,-0.67
3/5/2014,Mar,Wed,13999,62075,18495,12547,0.20,48,62,57,-5948,-0.47
3/6/2014,Mar,Thu,15654,53222,16219,12936,0.24,49,61,56,-3283,-0.25
3/7/2014,Mar,Fri,13191,42710,6906,7463,0.17,45,57,53,557,0.07
3/8/2014,Mar,Sat,13336,53723,16197,13218,0.25,47,53,47,-2979,-0.23
3/9/2014,Mar,Sun,19833,73967,7171,15906,0.22,41,48,44,8735,0.55
3/10/2014,Mar,Mon,16851,36794,14182,15748,0.43,44,60,55,1566,0.1
3/11/2014,Mar,Tue,19574,60259,8998,6451,0.11,45,57,54,-2547,-0.39
3/12/2014,Mar,Wed,17687,60783,8293,7355,0.12,48,57,51,-938,-0.13
3/13/2014,Mar,Thu,14447,51416,16695,19892,0.39,49,60,54,3197,0.16
3/14/2014,Mar,Fri,15580,72010,18767,11555,0.16,45,54,51,-7212,-0.62
3/15/2014,Mar,Sat,13223,47398,19080,13338,0.28,47,51,47,-5742,-0.43
3/16/2014,Mar,Sun,14353,16775,9592,8631,0.51,41,48,42,-961,-0.11
3/17/2014,Mar,Mon,14407,49617,11133,18193,0.37,44,55,44,7060,0.39
3/18/2014,Mar,Tue,13307,52780,17132,7359,0.14,45,58,52,-9773,-1.33
3/19/2014,Mar,Wed,13036,33714,8465,12881,0.38,48,56,50,4416,0.34
3/20/2014,Mar,Thu,17034,41402,10383,7885,0.19,49,56,51,-2498,-0.32
3/21/2014,Mar,Fri,14296,25710,12329,15088,0.59,45,54,50,2759,0.18
3/22/2014,Mar,Sat,17940,32657,19090,14906,0.46,47,55,48,-4184,-0.28
3/23/2014,Mar,Sun,14745,53127,18181,15482,0.29,41,48,43,-2699,-0.17
3/24/2014,Mar,Mon,10485,28736,19029,10092,0.35,44,56,52,-8937,-0.89
3/25/2014,Mar,Tue,10772,74831,11653,7122,0.10,45,57,53,-4531,-0.64
3/26/2014,Mar,Wed,15415,65127,17086,10430,0.16,48,59,54,-6656,-0.64
3/27/2014,Mar,Thu,14949,73519,8731,11455,0.16,49,60,56,2724,0.24
3/28/2014,Mar,Fri,19602,22558,13931,18982,0.84,45,54,50,5051,0.27
3/29/2014,Mar,Sat,17152,58423,19516,15235,0.26,47,50,48,-4281,-0.28
3/30/2014,Mar,Sun,13523,34912,10746,6084,0.17,41,46,45,-4662,-0.77
3/31/2014,Mar,Mon,18585,17881,17636,18184,1.02,44,59,57,548,0.03
4/1/2014,Apr,Tue,10237,22020,9336,14865,0.68,49,59,55,5529,0.37
4/2/2014,Apr,Wed,10664,72581,18657,11750,0.16,46,58,55,-6907,-0.59
4/3/2014,Apr,Thu,18924,64668,9449,7370,0.11,48,57,51,-2079,-0.28
4/4/2014,Apr,Fri,16810,55138,19923,18386,0.33,43,54,49,-1537,-0.08
4/5/2014,Apr,Sat,19435,67574,8510,9411,0.14,42,57,54,901,0.1
4/6/2014,Apr,Sun,19068,24301,7476,10687,0.44,38,43,37,3211,0.3
4/7/2014,Apr,Mon,14994,34832,19642,11393,0.33,39,60,54,-8249,-0.72
4/8/2014,Apr,Tue,13366,77775,15396,9744,0.13,49,65,61,-5652,-0.58
4/9/2014,Apr,Wed,11134,35341,10771,18282,0.52,46,60,57,7511,0.41
4/10/2014,Apr,Thu,15319,22888,12714,12381,0.54,48,61,55,-333,-0.03
4/11/2014,Apr,Fri,10927,72955,13064,13858,0.19,43,63,57,794,0.06
4/12/2014,Apr,Sat,17443,34760,11990,19360,0.56,42,60,56,7370,0.38
4/13/2014,Apr,Sun,13258,75983,10778,6046,0.08,38,54,49,-4732,-0.78
4/14/2014,Apr,Mon,10830,41313,19734,8678,0.21,39,54,50,-11056,-1.27
4/15/2014,Apr,Tue,15019,70796,18296,11396,0.16,49,59,54,-6900,-0.61
4/16/2014,Apr,Wed,13102,64238,9939,17671,0.28,46,56,51,7732,0.44
4/17/2014,Apr,Thu,15263,64422,12494,19876,0.31,48,60,54,7382,0.37
4/18/2014,Apr,Fri,18184,49639,13316,17115,0.34,43,62,58,3799,0.22
4/19/2014,Apr,Sat,17339,43265,12731,12355,0.29,42,56,52,-376,-0.03
4/20/2014,Apr,Sun,13135,77759,11414,19698,0.25,38,46,42,8284,0.42
4/21/2014,Apr,Mon,15175,47401,14283,7798,0.16,39,57,54,-6485,-0.83
4/22/2014,Apr,Tue,12266,17357,7309,13348,0.77,49,59,57,6039,0.45
4/23/2014,Apr,Wed,12820,61183,9161,9161,0.15,46,61,56,0,0
4/24/2014,Apr,Thu,19002,23551,19190,14361,0.61,48,57,54,-4829,-0.34
4/25/2014,Apr,Fri,15198,46816,18236,18831,0.40,43,61,56,595,0.03
4/26/2014,Apr,Sat,11164,36159,16320,13781,0.38,42,57,52,-2539,-0.18
4/27/2014,Apr,Sun,15358,69350,10303,6353,0.09,38,48,39,-3950,-0.62
4/28/2014,Apr,Mon,10615,48785,15443,14289,0.29,39,55,51,-1154,-0.08
4/29/2014,Apr,Tue,11338,33448,6225,11317,0.34,49,58,56,5092,0.45
4/30/2014,Apr,Wed,12967,41696,17614,6960,0.17,46,57,51,-10654,-1.53
5/1/2014,May,Thu,11733,24060,13974,19335,0.80,49,56,53,5361,0.28
5/2/2014,May,Fri,18540,60522,15734,19449,0.32,54,57,53,3715,0.19
5/3/2014,May,Sat,14000,62203,14188,15535,0.25,52,52,46,1347,0.09
5/4/2014,May,Sun,15183,30659,6032,11835,0.39,45,46,38,5803,0.49
5/5/2014,May,Mon,16363,15402,16386,13168,0.85,54,60,54,-3218,-0.24
5/6/2014,May,Tue,14706,42626,16519,14018,0.33,53,64,59,-2501,-0.18
5/7/2014,May,Wed,11367,60141,9394,10268,0.17,54,64,58,874,0.09
5/8/2014,May,Thu,10057,41331,13799,8005,0.19,49,63,60,-5794,-0.72
5/9/2014,May,Fri,17873,72857,7317,12276,0.17,54,68,64,4959,0.4
5/10/2014,May,Sat,16282,54336,9261,16763,0.31,52,64,58,7502,0.45
5/11/2014,May,Sun,17816,42324,15893,14057,0.33,45,57,51,-1836,-0.13
5/12/2014,May,Mon,14047,42138,9473,10555,0.25,54,64,59,1082,0.1
5/13/2014,May,Tue,17994,74209,7555,11635,0.16,53,62,59,4080,0.35
5/14/2014,May,Wed,15489,44415,6244,13637,0.31,54,63,57,7393,0.54
5/15/2014,May,Thu,19042,72959,13405,14256,0.20,49,63,59,851,0.06
5/16/2014,May,Fri,12590,46044,15566,14506,0.32,54,63,62,-1060,-0.07
5/17/2014,May,Sat,10372,53109,8132,18772,0.35,52,59,55,10640,0.57
5/18/2014,May,Sun,15506,72444,11853,13156,0.18,45,56,54,1303,0.1
5/19/2014,May,Mon,19511,58924,9231,14200,0.24,54,63,56,4969,0.35
5/20/2014,May,Tue,15269,66341,15928,14613,0.22,53,62,59,-1315,-0.09
5/21/2014,May,Wed,16601,17607,9827,9957,0.57,54,63,57,130,0.01
5/22/2014,May,Thu,11376,32588,17256,10797,0.33,49,62,59,-6459,-0.6
5/23/2014,May,Fri,13453,71775,15637,11193,0.16,54,62,60,-4444,-0.4
5/24/2014,May,Sat,18131,20323,12819,6328,0.31,52,60,57,-6491,-1.03
5/25/2014,May,Sun,19164,41719,9622,8590,0.21,45,56,51,-1032,-0.12
5/26/2014,May,Mon,14454,15309,9818,12756,0.83,54,56,51,2938,0.23
5/27/2014,May,Tue,18262,79527,10079,16682,0.21,53,60,56,6603,0.4
5/28/2014,May,Wed,14925,24406,15163,13152,0.54,54,58,55,-2011,-0.15
5/29/2014,May,Thu,10441,24773,19201,15768,0.64,49,64,59,-3433,-0.22
5/30/2014,May,Fri,13750,36920,6038,14121,0.38,54,63,57,8083,0.57
5/31/2014,May,Sat,17799,71782,7739,6634,0.09,52,59,53,-1105,-0.17
6/1/2014,Jun,Sun,19930,70051,17965,7502,0.11,44,50,42,-10463,-1.39
6/2/2014,Jun,Mon,13100,57754,14234,8620,0.15,56,56,51,-5614,-0.65
6/3/2014,Jun,Tue,10820,29942,17416,14534,0.49,60,59,54,-2882,-0.2
6/4/2014,Jun,Wed,15811,26411,8406,9974,0.38,58,55,49,1568,0.16
6/5/2014,Jun,Thu,19785,53220,6587,19329,0.36,56,54,51,12742,0.66
6/6/2014,Jun,Fri,10583,70864,10272,7841,0.11,52,53,49,-2431,-0.31
6/7/2014,Jun,Sat,10907,50300,8102,14864,0.30,49,45,43,6762,0.45
6/8/2014,Jun,Sun,19152,45803,18446,16022,0.35,44,44,41,-2424,-0.15
6/9/2014,Jun,Mon,14072,74911,9501,8815,0.12,56,57,51,-686,-0.08
6/10/2014,Jun,Tue,10924,69975,16444,17308,0.25,60,57,53,864,0.05
6/11/2014,Jun,Wed,15828,45970,12715,7031,0.15,58,56,53,-5684,-0.81
6/12/2014,Jun,Thu,12390,78829,13840,18075,0.23,56,57,54,4235,0.23
6/13/2014,Jun,Fri,16679,24753,12831,19982,0.81,52,54,48,7151,0.36
6/14/2014,Jun,Sat,14017,36258,12279,9001,0.25,49,51,46,-3278,-0.36
6/15/2014,Jun,Sun,16122,41006,10324,12943,0.32,44,49,45,2619,0.2
6/16/2014,Jun,Mon,18043,55003,9689,18719,0.34,56,62,58,9030,0.48
6/17/2014,Jun,Tue,14343,42697,8688,16029,0.38,60,64,62,7341,0.46
6/18/2014,Jun,Wed,12982,33947,18490,16947,0.50,58,68,65,-1543,-0.09
6/19/2014,Jun,Thu,17459,32547,10196,16793,0.52,56,59,57,6597,0.39
6/20/2014,Jun,Fri,13131,37082,16574,15439,0.42,52,57,53,-1135,-0.07
6/21/2014,Jun,Sat,17974,48490,16908,14490,0.30,49,63,58,-2418,-0.17
6/22/2014,Jun,Sun,10743,76194,12888,6715,0.09,44,71,66,-6173,-0.92
6/23/2014,Jun,Mon,14502,45239,10463,11751,0.26,56,61,59,1288,0.11
6/24/2014,Jun,Tue,17736,77593,8034,11392,0.15,60,64,60,3358,0.29
6/25/2014,Jun,Wed,10790,16245,19789,19398,1.19,58,63,60,-391,-0.02
6/26/2014,Jun,Thu,13139,15805,15007,17095,1.08,56,62,57,2088,0.12
6/27/2014,Jun,Fri,17465,73186,8552,11161,0.15,52,69,63,2609,0.23
6/28/2014,Jun,Sat,11754,67376,11020,15094,0.22,49,85,77,4074,0.27
6/29/2014,Jun,Sun,17808,75098,16233,9469,0.13,44,86,75,-6764,-0.71
6/30/2014,Jun,Mon,10313,33954,7109,7666,0.23,56,67,63,557,0.07
7/1/2014,Jul,Tue,12098,37802,17904,13083,0.35,52,70,67,-4821,-0.37
7/2/2014,Jul,Wed,13220,30036,13643,11949,0.40,48,72,66,-1694,-0.14
7/3/2014,Jul,Thu,14766,72952,15617,9089,0.12,48,67,61,-6528,-0.72
7/4/2014,Jul,Fri,14200,23279,10146,9705,0.42,46,68,61,-441,-0.05
7/5/2014,Jul,Sat,18757,27302,11247,15705,0.58,51,72,60,4458,0.28
7/6/2014,Jul,Sun,13510,77899,18769,15320,0.20,52,70,59,-3449,-0.23
7/7/2014,Jul,Mon,14489,32779,14472,9291,0.28,51,68,61,-5181,-0.56
7/8/2014,Jul,Tue,17112,39341,9162,17422,0.44,52,64,60,8260,0.47
7/9/2014,Jul,Wed,14882,55921,7159,7319,0.13,48,65,61,160,0.02
7/10/2014,Jul,Thu,17327,72813,8130,11936,0.16,48,67,62,3806,0.32
7/11/2014,Jul,Fri,12160,39883,11127,10809,0.27,46,66,60,-318,-0.03
7/12/2014,Jul,Sat,11670,55867,19980,9466,0.17,51,69,61,-10514,-1.11
7/13/2014,Jul,Sun,13141,31569,8924,14060,0.45,52,68,62,5136,0.37
7/14/2014,Jul,Mon,16885,70339,14151,6998,0.10,51,72,66,-7153,-1.02
7/15/2014,Jul,Tue,14922,21332,15432,7722,0.36,52,73,69,-7710,-1
7/16/2014,Jul,Wed,13840,25490,9162,17913,0.70,48,68,64,8751,0.49
7/17/2014,Jul,Thu,16881,34029,14606,8165,0.24,48,68,65,-6441,-0.79
7/18/2014,Jul,Fri,10437,23414,12826,7815,0.33,46,67,63,-5011,-0.64
7/19/2014,Jul,Sat,14777,37176,13281,19139,0.51,51,69,63,5858,0.31
7/20/2014,Jul,Sun,19513,61267,14294,18648,0.30,52,65,59,4354,0.23
7/21/2014,Jul,Mon,11154,42014,7296,12247,0.29,51,72,65,4951,0.4
7/22/2014,Jul,Tue,19284,79638,19437,8248,0.10,52,74,67,-11189,-1.36
7/23/2014,Jul,Wed,16902,27167,13353,16822,0.62,48,72,68,3469,0.21
7/24/2014,Jul,Thu,12159,69011,8202,19449,0.28,48,75,69,11247,0.58
7/25/2014,Jul,Fri,11406,28845,19649,11029,0.38,46,74,70,-8620,-0.78
7/26/2014,Jul,Sat,19340,76792,8382,16879,0.22,51,74,68,8497,0.5
7/27/2014,Jul,Sun,13245,24983,18616,13561,0.54,52,66,59,-5055,-0.37
7/28/2014,Jul,Mon,16807,47907,18145,16349,0.34,51,72,65,-1796,-0.11
7/29/2014,Jul,Tue,12071,48975,13038,16073,0.33,52,86,79,3035,0.19
7/30/2014,Jul,Wed,15062,26898,18204,10441,0.39,48,69,63,-7763,-0.74
7/31/2014,Jul,Thu,12668,55959,18549,13087,0.23,48,68,61,-5462,-0.42
8/1/2014,Aug,Fri,17810,49591,19811,17867,0.36,96,68,61,-1944,-0.11
8/2/2014,Aug,Sat,11300,42928,17036,17445,0.41,108,69,59,409,0.02
8/3/2014,Aug,Sun,16367,50111,8511,10619,0.21,88,67,56,2108,0.2
8/4/2014,Aug,Mon,15780,37550,14027,12427,0.33,131,72,63,-1600,-0.13
8/5/2014,Aug,Tue,17740,29205,6762,18861,0.65,146,72,66,12099,0.64
8/6/2014,Aug,Wed,12961,64267,15137,10525,0.16,149,71,65,-4612,-0.44
8/7/2014,Aug,Thu,15827,47213,19100,14811,0.31,123,74,66,-4289,-0.29
8/8/2014,Aug,Fri,16597,24215,6518,11839,0.49,145,68,61,5321,0.45
8/9/2014,Aug,Sat,11954,27702,10058,16706,0.60,96,67,57,6648,0.4
8/10/2014,Aug,Sun,19588,77946,6717,15881,0.20,71,66,56,9164,0.58
8/11/2014,Aug,Mon,16067,78246,9051,6556,0.08,150,78,68,-2495,-0.38
8/12/2014,Aug,Tue,12688,68488,16566,9152,0.13,164,78,72,-7414,-0.81
8/13/2014,Aug,Wed,17853,28806,13338,8056,0.28,120,80,73,-5282,-0.66
8/14/2014,Aug,Thu,16145,23098,7789,7038,0.30,142,82,74,-751,-0.11
8/15/2014,Aug,Fri,16947,53607,13584,19307,0.36,147,82,75,5723,0.3
8/16/2014,Aug,Sat,10796,55634,11064,14912,0.27,69,84,73,3848,0.26
8/17/2014,Aug,Sun,17727,25964,10137,14474,0.56,74,80,70,4337,0.3
8/18/2014,Aug,Mon,18748,27782,11867,14737,0.53,141,94,87,2870,0.19
8/19/2014,Aug,Tue,12227,79144,12261,15978,0.20,133,87,83,3717,0.23
8/20/2014,Aug,Wed,14668,78564,9246,13425,0.17,112,87,80,4179,0.31
8/21/2014,Aug,Thu,16798,32119,13845,7674,0.24,93,87,82,-6171,-0.8
8/22/2014,Aug,Fri,17453,37126,9113,8692,0.23,96,85,79,-421,-0.05
8/23/2014,Aug,Sat,19403,37980,10276,6234,0.16,58,81,77,-4042,-0.65
8/24/2014,Aug,Sun,19047,45173,14764,14975,0.33,90,79,73,211,0.01
8/25/2014,Aug,Mon,16746,22119,18299,9745,0.44,131,90,82,-8554,-0.88
8/26/2014,Aug,Tue,15743,18727,12352,8311,0.44,275,91,85,-4041,-0.49
8/27/2014,Aug,Wed,10043,71663,8982,11155,0.16,149,90,85,2173,0.19
8/28/2014,Aug,Thu,13193,78395,14425,18326,0.23,123,87,81,3901,0.21
8/29/2014,Aug,Fri,12500,69376,7775,17592,0.25,145,86,80,9817,0.56
8/30/2014,Aug,Sat,18088,26857,6902,16978,0.63,131,83,74,10076,0.59
8/31/2014,Aug,Sun,16596,24105,12634,18936,0.79,97,81,69,6302,0.33
9/1/2014,Sep,Mon,14010,65526,15331,10347,0.16,85,98,90,-4984,-0.48
9/2/2014,Sep,Tue,11061,40657,19466,15891,0.39,87,92,84,-3575,-0.22
9/3/2014,Sep,Wed,17010,64380,10717,15997,0.25,85,91,81,5280,0.33
9/4/2014,Sep,Thu,13209,33360,18972,18354,0.55,84,86,78,-618,-0.03
9/5/2014,Sep,Fri,17891,76645,17754,10377,0.14,78,85,74,-7377,-0.71
9/6/2014,Sep,Sat,11826,56227,10815,10381,0.18,93,87,74,-434,-0.04
9/7/2014,Sep,Sun,14156,25060,11752,12756,0.51,78,97,91,1004,0.08
9/8/2014,Sep,Mon,19611,31332,13959,7729,0.25,85,99,88,-6230,-0.81
9/9/2014,Sep,Tue,14261,18984,15894,8289,0.44,87,101,93,-7605,-0.92
9/10/2014,Sep,Wed,15612,45077,18328,19613,0.44,85,96,89,1285,0.07
9/11/2014,Sep,Thu,17974,44599,10909,13139,0.29,84,94,84,2230,0.17
9/12/2014,Sep,Fri,18206,24137,7134,19181,0.79,78,91,85,12047,0.63
9/13/2014,Sep,Sat,10592,46791,17948,10895,0.23,89,102,93,-7053,-0.65
9/14/2014,Sep,Sun,18158,39281,10179,15901,0.40,74,95,83,5722,0.36
9/15/2014,Sep,Mon,16421,57886,17589,8044,0.14,85,104,96,-9545,-1.19
9/16/2014,Sep,Tue,11400,63101,8714,6864,0.11,87,105,96,-1850,-0.27
9/17/2014,Sep,Wed,19975,32545,18592,8645,0.27,85,103,95,-9947,-1.15
9/18/2014,Sep,Thu,13681,40900,14389,14040,0.34,84,102,95,-349,-0.02
9/19/2014,Sep,Fri,13869,42083,12225,10527,0.25,78,102,95,-1698,-0.16
9/20/2014,Sep,Sat,14968,65552,8101,9344,0.14,93,104,95,1243,0.13
9/21/2014,Sep,Sun,12692,73802,13066,13108,0.18,78,98,87,42,0
9/22/2014,Sep,Mon,18736,31153,16932,6424,0.21,85,100,95,-10508,-1.64
9/23/2014,Sep,Tue,13801,55019,6427,16692,0.30,87,102,98,10265,0.61
9/24/2014,Sep,Wed,12594,52776,16874,10808,0.20,85,97,93,-6066,-0.56
9/25/2014,Sep,Thu,14676,68098,13679,10325,0.15,84,99,93,-3354,-0.32
9/26/2014,Sep,Fri,12946,15214,11767,8607,0.57,78,102,95,-3160,-0.37
9/27/2014,Sep,Sat,19525,46777,10098,15926,0.34,90,106,98,5828,0.37
9/28/2014,Sep,Sun,17752,31459,10316,14728,0.47,75,96,86,4412,0.3
9/29/2014,Sep,Mon,17845,61552,9472,16815,0.27,85,105,97,7343,0.44
9/30/2014,Sep,Tue,16877,41411,9456,18016,0.44,87,103,94,8560,0.48
10/1/2014,Oct,Wed,11979,78154,17850,12039,0.15,85,98,92,-5811,-0.48
10/2/2014,Oct,Thu,18652,73090,11615,11239,0.15,85,95,85,-376,-0.03
10/3/2014,Oct,Fri,15891,79917,9114,11289,0.14,84,102,91,2175,0.19
10/4/2014,Oct,Sat,19006,65593,11267,10001,0.15,93,101,89,-1266,-0.13
10/5/2014,Oct,Sun,10656,70439,17497,13343,0.19,89,93,80,-4154,-0.31
10/6/2014,Oct,Mon,12631,31012,14398,10815,0.35,102,98,89,-3583,-0.33
10/7/2014,Oct,Tue,10030,79786,7908,14398,0.18,103,99,91,6490,0.45
10/8/2014,Oct,Wed,14141,72549,15143,15283,0.21,97,98,91,140,0.01
10/9/2014,Oct,Thu,13913,31831,17499,15849,0.50,96,106,99,-1650,-0.1
10/10/2014,Oct,Fri,17722,35281,17122,6691,0.19,93,104,98,-10431,-1.56
10/11/2014,Oct,Sat,10389,65645,13711,18544,0.28,100,101,93,4833,0.26
10/12/2014,Oct,Sun,18291,17762,16334,12249,0.69,96,99,88,-4085,-0.33
10/13/2014,Oct,Mon,13159,24919,17031,11799,0.47,111,103,92,-5232,-0.44
10/14/2014,Oct,Tue,15556,15308,10408,15168,0.99,113,104,96,4760,0.31
10/15/2014,Oct,Wed,18965,16126,18541,6635,0.41,107,104,95,-11906,-1.79
10/16/2014,Oct,Thu,14661,75980,19842,6386,0.08,102,103,95,-13456,-2.11
10/17/2014,Oct,Fri,19564,22619,14749,6113,0.27,98,102,95,-8636,-1.41
10/18/2014,Oct,Sat,17467,63991,13671,19648,0.31,107,98,89,5977,0.3
10/19/2014,Oct,Sun,16988,54948,16351,16049,0.29,102,95,87,-302,-0.02
10/20/2014,Oct,Mon,15699,15469,13352,16216,1.05,119,109,97,2864,0.18
10/21/2014,Oct,Tue,14966,20110,11462,19015,0.95,115,108,97,7553,0.4
10/22/2014,Oct,Wed,11693,25083,7716,9647,0.38,107,106,95,1931,0.2
10/23/2014,Oct,Thu,10355,64494,16379,7351,0.11,105,116,108,-9028,-1.23
10/24/2014,Oct,Fri,15399,67845,15191,13758,0.20,103,99,87,-1433,-0.1
10/25/2014,Oct,Sat,18064,54597,8256,13311,0.24,106,97,82,5055,0.38
10/26/2014,Oct,Sun,16796,16731,19105,15730,0.94,96,98,83,-3375,-0.21
10/27/2014,Oct,Mon,13724,60818,10014,11354,0.19,110,115,105,1340,0.12
10/28/2014,Oct,Tue,10133,79203,17374,10131,0.13,110,105,96,-7243,-0.71
10/29/2014,Oct,Wed,18264,30629,14098,17736,0.58,106,105,96,3638,0.21
10/30/2014,Oct,Thu,19738,48304,16207,14553,0.30,103,109,98,-1654,-0.11
10/31/2014,Oct,Fri,14984,56226,19288,8238,0.15,96,113,100,-11050,-1.34
11/1/2014,Nov,Sat,18567,35993,10430,9631,0.27,97,105,86,-799,-0.08
11/2/2014,Nov,Sun,14554,41762,13281,9505,0.23,82,101,73,-3776,-0.4
11/3/2014,Nov,Mon,10495,43268,17354,17124,0.40,110,102,68,-230,-0.01
11/4/2014,Nov,Tue,16329,65044,8494,15417,0.24,103,104,87,6923,0.45
11/5/2014,Nov,Wed,18725,75764,11622,14932,0.20,98,134,102,3310,0.22
11/6/2014,Nov,Thu,11586,28782,11205,13418,0.47,95,104,82,2213,0.16
11/7/2014,Nov,Fri,10637,29323,18357,9947,0.34,91,106,89,-8410,-0.85
11/8/2014,Nov,Sat,13277,59387,10098,8267,0.14,98,100,84,-1831,-0.22
11/9/2014,Nov,Sun,18545,16687,14263,8664,0.52,84,90,73,-5599,-0.65
11/10/2014,Nov,Mon,17468,60474,6125,13179,0.22,114,107,94,7054,0.54
11/11/2014,Nov,Tue,11287,73804,19024,8100,0.11,105,102,89,-10924,-1.35
11/12/2014,Nov,Wed,12869,77429,13129,18665,0.24,97,106,95,5536,0.3
11/13/2014,Nov,Thu,13299,52365,7211,14350,0.27,95,103,93,7139,0.5
11/14/2014,Nov,Fri,10491,28933,15935,12848,0.44,91,99,89,-3087,-0.24
11/15/2014,Nov,Sat,14228,46814,19836,6989,0.15,97,122,112,-12847,-1.84
11/16/2014,Nov,Sun,10640,15820,6099,18900,1.19,84,86,76,12801,0.68
11/17/2014,Nov,Mon,18123,71045,13479,12627,0.18,112,122,112,-852,-0.07
11/18/2014,Nov,Tue,16844,67886,16102,11792,0.17,104,99,92,-4310,-0.37
11/19/2014,Nov,Wed,15654,67159,18404,10460,0.16,100,98,88,-7944,-0.76
11/20/2014,Nov,Thu,13004,63191,7895,16794,0.27,92,92,87,8899,0.53
11/21/2014,Nov,Fri,13896,72535,18708,13524,0.19,92,93,86,-5184,-0.38
11/22/2014,Nov,Sat,15517,30860,10857,11095,0.36,97,100,85,238,0.02
11/23/2014,Nov,Sun,18567,21933,19032,8765,0.40,82,117,103,-10267,-1.17
11/24/2014,Nov,Mon,15014,35407,6008,12973,0.37,112,100,90,6965,0.54
11/25/2014,Nov,Tue,16325,48050,14749,6184,0.13,104,103,93,-8565,-1.39
11/26/2014,Nov,Wed,19215,71581,16683,6346,0.09,97,105,97,-10337,-1.63
11/27/2014,Nov,Thu,18651,76928,16195,11749,0.15,94,100,90,-4446,-0.38
11/28/2014,Nov,Fri,14007,46354,11148,17246,0.37,91,101,88,6098,0.35
11/29/2014,Nov,Sat,18914,66312,9914,9464,0.14,96,95,64,-450,-0.05
11/30/2014,Nov,Sun,11616,47726,10571,12505,0.26,83,94,81,1934,0.15
12/1/2014,Dec,Mon,11652,50032,18348,9917,0.20,67,129,113,-8431,-0.85
12/2/2014,Dec,Tue,12443,48540,19833,19000,0.39,79,99,86,-833,-0.04
12/3/2014,Dec,Wed,13706,37862,19014,12384,0.33,83,96,82,-6630,-0.54
12/4/2014,Dec,Thu,12785,72794,13107,12181,0.17,74,104,91,-926,-0.08
12/5/2014,Dec,Fri,13861,46926,8474,12860,0.27,84,107,94,4386,0.34
12/6/2014,Dec,Sat,14022,37135,14491,13983,0.38,82,100,78,-508,-0.04
12/7/2014,Dec,Sun,10803,47752,12208,10012,0.21,93,90,76,-2196,-0.22
12/8/2014,Dec,Mon,19271,31117,14703,6898,0.22,70,109,97,-7805,-1.13
12/9/2014,Dec,Tue,11365,43643,6658,10446,0.24,64,109,105,3788,0.36
12/10/2014,Dec,Wed,19486,46777,15637,12427,0.27,150,143,133,-3210,-0.26
12/11/2014,Dec,Thu,11857,70182,9227,16084,0.23,162,139,131,6857,0.43
12/12/2014,Dec,Fri,11649,49352,8178,19908,0.40,169,143,133,11730,0.59
12/13/2014,Dec,Sat,10833,52358,7336,7620,0.15,81,116,105,284,0.04
12/14/2014,Dec,Sun,16942,35213,10241,16400,0.47,87,108,95,6159,0.38
12/15/2014,Dec,Mon,13863,70265,15114,18753,0.27,125,127,117,3639,0.19
12/16/2014,Dec,Tue,17490,33336,10372,18004,0.54,144,125,115,7632,0.42
12/17/2014,Dec,Wed,19765,23642,17701,14780,0.63,142,126,114,-2921,-0.2
12/18/2014,Dec,Thu,12669,78385,9872,7773,0.10,144,132,123,-2099,-0.27
12/19/2014,Dec,Fri,12320,57359,11032,9964,0.17,158,125,117,-1068,-0.11
12/20/2014,Dec,Sat,11941,33208,14360,16722,0.50,118,123,114,2362,0.14
12/21/2014,Dec,Sun,13698,73574,14511,11555,0.16,135,117,106,-2956,-0.26
12/22/2014,Dec,Mon,11111,17615,9366,18640,1.06,78,110,103,9274,0.5
12/23/2014,Dec,Tue,11873,62245,13362,16189,0.26,76,128,120,2827,0.17
12/24/2014,Dec,Wed,18588,48661,9431,7809,0.16,74,122,113,-1622,-0.21
12/25/2014,Dec,Thu,12016,37198,10702,19093,0.51,100,122,107,8391,0.44
12/26/2014,Dec,Fri,16366,15464,11571,7243,0.47,85,125,125,-4328,-0.6
12/27/2014,Dec,Sat,13908,59714,11476,8361,0.14,106,122,108,-3115,-0.37
12/28/2014,Dec,Sun,15013,38967,13985,10873,0.28,116,116,105,-3112,-0.29
12/29/2014,Dec,Mon,15794,52547,13073,8960,0.17,77,113,109,-4113,-0.46
12/30/2014,Dec,Tue,19921,58555,7749,13095,0.22,79,108,101,5346,0.41
12/31/2014,Dec,Wed,10723,31214,17685,11094,0.36,70,110,101,-6591,-0.59
1/1/2015,Jan,Thu,12435,44393,6984,15742,0.35,71,91,77,8758,0.56
1/2/2015,Jan,Fri,18667,78930,9955,19027,0.24,70,114,98,9072,0.48
1/3/2015,Jan,Sat,17911,42322,12062,12778,0.30,71,104,91,716,0.06
1/4/2015,Jan,Sun,15851,25888,17071,14116,0.55,66,98,83,-2955,-0.21
1/5/2015,Jan,Mon,14136,51558,7935,8519,0.17,80,107,98,584,0.07
1/6/2015,Jan,Tue,13934,45381,9675,6348,0.14,82,103,96,-3327,-0.52
1/7/2015,Jan,Wed,15783,61151,10449,17483,0.29,79,99,99,7034,0.4
1/8/2015,Jan,Thu,15916,25386,12373,8101,0.32,76,98,92,-4272,-0.53
1/9/2015,Jan,Fri,18313,73422,7736,11834,0.16,87,95,85,4098,0.35
1/10/2015,Jan,Sat,14872,21975,7496,9783,0.45,85,91,78,2287,0.23
1/11/2015,Jan,Sun,18973,71062,7806,15432,0.22,82,89,75,7626,0.49
1/12/2015,Jan,Mon,10797,78607,11770,16863,0.21,84,92,86,5093,0.3
1/13/2015,Jan,Tue,16555,69354,19697,18001,0.26,82,93,87,-1696,-0.09
1/14/2015,Jan,Wed,12592,60902,9359,10826,0.18,86,117,116,1467,0.14
1/15/2015,Jan,Thu,13364,42561,18281,11326,0.27,88,98,91,-6955,-0.61
1/16/2015,Jan,Fri,19937,62390,18762,7741,0.12,83,92,86,-11021,-1.42
1/17/2015,Jan,Sat,12332,70038,13397,19831,0.28,79,82,76,6434,0.32
1/18/2015,Jan,Sun,19682,46024,14077,12795,0.28,65,78,70,-1282,-0.1
1/19/2015,Jan,Mon,12758,67822,11313,10574,0.16,79,92,85,-739,-0.07
1/20/2015,Jan,Tue,13293,31502,16054,14351,0.46,82,93,91,-1703,-0.12
1/21/2015,Jan,Wed,17347,78939,17749,8727,0.11,79,92,85,-9022,-1.03
1/22/2015,Jan,Thu,10811,53468,8695,19880,0.37,76,92,83,11185,0.56
1/23/2015,Jan,Fri,14296,57566,8984,14595,0.25,73,93,85,5611,0.38
1/24/2015,Jan,Sat,12143,24167,13342,7549,0.31,70,86,80,-5793,-0.77
1/25/2015,Jan,Sun,10408,49710,11618,12671,0.25,64,78,69,1053,0.08
1/26/2015,Jan,Mon,12330,70944,15954,6020,0.08,79,93,85,-9934,-1.65
1/27/2015,Jan,Tue,11344,51826,17443,19934,0.38,82,90,83,2491,0.12
1/28/2015,Jan,Wed,13068,21851,16688,6449,0.30,79,91,84,-10239,-1.59
1/29/2015,Jan,Thu,17223,66183,12873,13122,0.20,76,90,83,249,0.02
1/30/2015,Jan,Fri,16115,27604,13280,15503,0.56,73,90,80,2223,0.14
1/31/2015,Jan,Sat,17443,46995,16175,8860,0.19,70,86,79,-7315,-0.83
2/1/2015,Feb,Sun,10615,65872,12432,11452,0.17,37,78,68,-980,-0.09
2/2/2015,Feb,Mon,11519,42941,15948,18380,0.43,55,92,84,2432,0.13
2/3/2015,Feb,Tue,14186,40995,11523,18804,0.46,69,92,84,7281,0.39
2/4/2015,Feb,Wed,11700,75594,19650,9809,0.13,60,93,80,-9841,-1
2/5/2015,Feb,Thu,13744,17410,18012,9702,0.56,66,95,83,-8310,-0.86
2/6/2015,Feb,Fri,19532,15921,10394,6446,0.40,67,90,78,-3948,-0.61
2/7/2015,Feb,Sat,19664,79553,12263,9478,0.12,67,86,73,-2785,-0.29
2/8/2015,Feb,Sun,13456,25294,9102,11112,0.44,55,79,67,2010,0.18
2/9/2015,Feb,Mon,11679,17029,15293,7685,0.45,64,89,79,-7608,-0.99
2/10/2015,Feb,Tue,15309,42706,10005,13602,0.32,73,90,77,3597,0.26
2/11/2015,Feb,Wed,16499,43043,12330,6929,0.16,60,89,78,-5401,-0.78
2/12/2015,Feb,Thu,17708,43292,10462,7183,0.17,66,89,83,-3279,-0.46
2/13/2015,Feb,Fri,17721,79216,19768,7904,0.10,61,87,80,-11864,-1.5
2/14/2015,Feb,Sat,17387,40981,13748,10234,0.25,54,76,70,-3514,-0.34
2/15/2015,Feb,Sun,18541,60756,11579,14843,0.24,44,70,61,3264,0.22
2/16/2015,Feb,Mon,14988,15298,7746,9924,0.65,65,82,74,2178,0.22
2/17/2015,Feb,Tue,10801,57619,19616,8346,0.14,73,83,74,-11270,-1.35
2/18/2015,Feb,Wed,17647,21265,14220,10253,0.48,67,79,72,-3967,-0.39
2/19/2015,Feb,Thu,16627,62401,7869,7112,0.11,66,80,71,-757,-0.11
2/20/2015,Feb,Fri,18011,29740,8097,18586,0.62,76,79,73,10489,0.56
2/21/2015,Feb,Sat,10437,41550,15819,8446,0.20,67,76,70,-7373,-0.87
2/22/2015,Feb,Sun,11012,19193,12782,12646,0.66,55,71,62,-136,-0.01
2/23/2015,Feb,Mon,18186,59144,11938,11543,0.20,67,73,66,-395,-0.03
2/24/2015,Feb,Tue,18351,32354,15720,19278,0.60,73,72,72,3558,0.18
2/25/2015,Feb,Wed,11750,68157,7553,12664,0.19,65,73,67,5111,0.4
2/26/2015,Feb,Thu,12256,69405,12382,7277,0.10,67,70,65,-5105,-0.7
2/27/2015,Feb,Fri,10738,27092,12510,9520,0.35,63,72,66,-2990,-0.31
2/28/2015,Feb,Sat,12737,35150,12705,16400,0.47,56,70,63,3695,0.23
3/1/2015,Mar,Sun,18547,34813,13680,10541,0.30,37,64,57,-3139,-0.3
3/2/2015,Mar,Mon,15994,37779,19846,7205,0.19,60,73,65,-12641,-1.75
3/3/2015,Mar,Tue,18896,58431,18548,15962,0.27,54,77,68,-2586,-0.16
3/4/2015,Mar,Wed,14035,70566,9791,19374,0.27,54,73,65,9583,0.49
3/5/2015,Mar,Thu,11281,77505,12540,19116,0.25,44,72,66,6576,0.34
3/6/2015,Mar,Fri,19759,76947,17984,10696,0.14,44,48,40,-7288,-0.68
3/7/2015,Mar,Sat,16676,21401,8082,18765,0.88,40,85,75,10683,0.57
3/8/2015,Mar,Sun,17131,79924,16266,7639,0.10,37,59,51,-8627,-1.13
3/9/2015,Mar,Mon,15481,70945,15681,12957,0.18,60,70,65,-2724,-0.21
3/10/2015,Mar,Tue,15546,73467,16406,16737,0.23,54,69,65,331,0.02
3/11/2015,Mar,Wed,10095,41684,14445,14354,0.34,54,68,62,-91,-0.01
3/12/2015,Mar,Thu,10448,64247,13111,15252,0.24,44,71,63,2141,0.14
3/13/2015,Mar,Fri,14852,27890,12649,17788,0.64,44,72,66,5139,0.29
3/14/2015,Mar,Sat,13904,35917,12739,15176,0.42,40,68,59,2437,0.16
3/15/2015,Mar,Sun,12447,61563,16820,7425,0.12,37,61,51,-9395,-1.27
3/16/2015,Mar,Mon,10299,46700,6412,17937,0.38,72,71,68,11525,0.64
3/17/2015,Mar,Tue,19150,32115,13872,19341,0.60,69,75,72,5469,0.28
3/18/2015,Mar,Wed,11252,21547,8169,18806,0.87,64,75,74,10637,0.57
3/19/2015,Mar,Thu,11189,32450,15295,8419,0.26,56,77,69,-6876,-0.82
3/20/2015,Mar,Fri,19223,36826,6262,18786,0.51,68,143,138,12524,0.67
3/21/2015,Mar,Sat,18612,62816,19594,9667,0.15,64,65,56,-9927,-1.03
3/22/2015,Mar,Sun,11390,63179,8678,18448,0.29,61,63,57,9770,0.53
3/23/2015,Mar,Mon,12142,37303,9558,6769,0.18,74,63,60,-2789,-0.41
3/24/2015,Mar,Tue,40206,23419,23577,17142,0.73,56,56,54,-6435,-0.38
3/25/2015,Mar,Wed,52303,77979,20409,16049,0.21,66,60,56,-4360,-0.27
3/26/2015,Mar,Thu,74306,48973,17841,22450,0.46,69,70,62,4609,0.21
3/27/2015,Mar,Fri,51583,74689,21223,22643,0.30,62,54,50,1420,0.06
3/28/2015,Mar,Sat,42585,32819,17182,17686,0.54,65,57,54,504,0.03
3/29/2015,Mar,Sun,18151,55884,16958,21474,0.38,60,64,59,4516,0.21
3/30/2015,Mar,Mon,59065,61905,17688,21017,0.34,63,55,53,3329,0.16
3/31/2015,Mar,Tue,49463,48113,22187,17792,0.37,57,65,51,-4395,-0.25
4/1/2015,Apr,Wed,62479,29697,18370,17914,0.60,61,62,68,-456,-0.03
4/2/2015,Apr,Thu,50300,24535,21084,23156,0.94,70,66,62,2072,0.09
4/3/2015,Apr,Fri,20686,51211,16687,20294,0.40,58,56,65,3607,0.18
4/4/2015,Apr,Sat,74102,39414,16346,16256,0.41,51,65,53,-90,-0.01
4/5/2015,Apr,Sun,45901,42687,23928,21204,0.50,65,65,53,-2724,-0.13
4/6/2015,Apr,Mon,44024,68008,22016,23964,0.35,59,68,52,1948,0.08
4/7/2015,Apr,Tue,22464,55946,19996,23963,0.43,55,53,56,3967,0.17
4/8/2015,Apr,Wed,50446,56230,16633,19281,0.34,59,66,51,2648,0.14
4/9/2015,Apr,Thu,49509,35318,22728,18883,0.53,69,50,69,-3845,-0.20
4/10/2015,Apr,Fri,72803,20099,19375,23714,1.18,66,66,64,4339,0.18
4/11/2015,Apr,Sat,58485,47722,16347,18178,0.38,62,69,54,1831,0.10
4/12/2015,Apr,Sun,70184,48413,19157,16811,0.35,53,61,55,-2346,-0.14
4/13/2015,Apr,Mon,54412,26916,22104,23229,0.86,57,65,55,1125,0.05
4/14/2015,Apr,Tue,27342,78230,23469,20165,0.26,56,70,62,-3304,-0.16
4/15/2015,Apr,Wed,64532,70762,20490,19467,0.28,59,56,57,-1023,-0.05
4/16/2015,Apr,Thu,76750,43882,17264,18634,0.42,57,63,70,1370,0.07
4/17/2015,Apr,Fri,79944,28586,22907,20610,0.72,68,61,66,-2297,-0.11
4/18/2015,Apr,Sat,50340,44240,23134,23113,0.52,56,52,61,-21,0.00
4/19/2015,Apr,Sun,77157,25022,18932,20098,0.80,60,67,70,1166,0.06
4/20/2015,Apr,Mon,53561,62536,20568,19264,0.31,59,54,50,-1304,-0.07
4/21/2015,Apr,Tue,30750,34809,21203,18375,0.53,59,60,67,-2828,-0.15
4/22/2015,Apr,Wed,21070,64841,19212,16021,0.25,70,63,54,-3191,-0.20
4/23/2015,Apr,Thu,20319,26586,20979,19502,0.73,52,53,57,-1477,-0.08
4/24/2015,Apr,Fri,19161,52658,20216,16704,0.32,59,59,52,-3512,-0.21
4/25/2015,Apr,Sat,71635,57088,19903,19983,0.35,59,51,51,80,0.00
4/26/2015,Apr,Sun,67551,56764,18700,20217,0.36,61,52,65,1517,0.08
4/27/2015,Apr,Mon,71888,62612,19389,17822,0.28,63,66,52,-1567,-0.09
4/28/2015,Apr,Tue,24848,56104,21560,23275,0.41,68,69,66,1715,0.07
4/29/2015,Apr,Wed,34358,65822,21408,16059,0.24,50,52,66,-5349,-0.33
4/30/2015,Apr,Thu,52714,38417,18199,23789,0.62,60,50,64,5590,0.23
5/1/2015,May,Fri,41004,42981,19839,17195,0.40,63,69,57,-2644,-0.15
5/2/2015,May,Sat,69585,48226,16087,17969,0.37,55,64,59,1882,0.10
5/3/2015,May,Sun,76801,27084,17217,21791,0.80,56,64,55,4574,0.21
5/4/2015,May,Mon,74917,34037,17344,20885,0.61,65,66,51,3541,0.17
5/5/2015,May,Tue,58679,57266,17907,20384,0.36,55,58,59,2477,0.12
5/6/2015,May,Wed,62660,68848,16847,20343,0.30,64,62,56,3496,0.17
5/7/2015,May,Thu,64246,39785,16254,21269,0.53,50,69,51,5015,0.24
5/8/2015,May,Fri,51738,27768,17360,22527,0.81,57,70,50,5167,0.23
5/9/2015,May,Sat,39798,50442,22902,18263,0.36,66,61,52,-4639,-0.25
5/10/2015,May,Sun,56581,38916,23905,21081,0.54,65,53,59,-2824,-0.13
5/11/2015,May,Mon,35027,56921,18402,23647,0.42,50,63,50,5245,0.22
5/12/2015,May,Tue,19633,75708,20956,23709,0.31,60,51,50,2753,0.12
5/13/2015,May,Wed,49019,74476,22671,23995,0.32,52,57,65,1324,0.06
5/14/2015,May,Thu,76788,74257,19653,21784,0.29,59,57,59,2131,0.10
5/15/2015,May,Fri,57595,28254,22277,18101,0.64,55,52,55,-4176,-0.23
5/16/2015,May,Sat,54511,26304,20889,16169,0.61,63,55,70,-4720,-0.29
5/17/2015,May,Sun,73176,34037,21715,17773,0.52,66,58,52,-3942,-0.22
5/18/2015,May,Mon,18676,28026,20731,18420,0.66,66,58,62,-2311,-0.13
5/19/2015,May,Tue,38074,70388,23826,18964,0.27,56,56,64,-4862,-0.26
5/20/2015,May,Wed,68778,42090,16138,18814,0.45,58,64,63,2676,0.14
5/21/2015,May,Thu,44618,50209,22281,23592,0.47,59,53,58,1311,0.06
5/22/2015,May,Fri,16259,77326,23664,23396,0.30,57,64,57,-268,-0.01
5/23/2015,May,Sat,39639,78068,20428,20516,0.26,64,66,65,88,0.00
5/24/2015,May,Sun,34478,37435,20781,20405,0.55,57,62,56,-376,-0.02
5/25/2015,May,Mon,78534,66692,16393,21147,0.32,60,68,57,4754,0.22
5/26/2015,May,Tue,51702,65095,20294,16529,0.25,55,60,53,-3765,-0.23
5/27/2015,May,Wed,31910,22579,20189,23892,1.06,69,54,52,3703,0.15
5/28/2015,May,Thu,61270,55679,18158,23496,0.42,66,52,63,5338,0.23
5/29/2015,May,Fri,70932,22260,19399,18575,0.83,57,57,61,-824,-0.04
5/30/2015,May,Sat,19778,41007,17019,17758,0.43,61,56,69,739,0.04
5/31/2015,May,Sun,57430,72472,23292,19506,0.27,61,66,65,-3786,-0.19
6/1/2015,Jun,Mon,39172,21406,19863,20461,0.96,57,66,66,598,0.03
6/2/2015,Jun,Tue,44331,59062,21406,20019,0.34,54,61,54,-1387,-0.07
6/3/2015,Jun,Wed,43436,68551,16544,19435,0.28,57,67,67,2891,0.15
6/4/2015,Jun,Thu,78351,51781,17060,21788,0.42,63,62,69,4728,0.22
6/5/2015,Jun,Fri,18850,51845,20805,19166,0.37,55,53,69,-1639,-0.09
6/6/2015,Jun,Sat,60647,71270,23876,23837,0.33,50,61,53,-39,0.00
6/7/2015,Jun,Sun,65465,39651,23719,23307,0.59,52,64,65,-412,-0.02
6/8/2015,Jun,Mon,35605,23943,19568,23271,0.97,67,68,59,3703,0.16
6/9/2015,Jun,Tue,59760,52415,18981,23180,0.44,56,59,51,4199,0.18
6/10/2015,Jun,Wed,48083,68357,23707,16049,0.23,62,57,61,-7658,-0.48
6/11/2015,Jun,Thu,21850,40754,18756,19457,0.48,67,51,62,701,0.04
6/12/2015,Jun,Fri,44830,16760,23012,17725,1.06,50,61,64,-5287,-0.30
6/13/2015,Jun,Sat,26566,44979,20010,22122,0.49,63,62,60,2112,0.10
6/14/2015,Jun,Sun,54758,74644,18788,19745,0.26,69,63,56,957,0.05
6/15/2015,Jun,Mon,65085,34727,20025,22157,0.64,57,68,63,2132,0.10
6/16/2015,Jun,Tue,41573,48782,23768,22522,0.46,65,67,55,-1246,-0.06
6/17/2015,Jun,Wed,29606,24801,21175,22171,0.89,55,56,59,996,0.04
6/18/2015,Jun,Thu,29856,42380,21291,19760,0.47,58,58,56,-1531,-0.08
6/19/2015,Jun,Fri,46922,70568,17930,18776,0.27,50,58,62,846,0.05
6/20/2015,Jun,Sat,46557,46421,22062,23224,0.50,69,50,52,1162,0.05
6/21/2015,Jun,Sun,60340,19605,20983,18276,0.93,56,70,61,-2707,-0.15
6/22/2015,Jun,Mon,32532,20363,16227,21664,1.06,61,61,54,5437,0.25
6/23/2015,Jun,Tue,58337,72660,23247,18349,0.25,69,62,51,-4898,-0.27
6/24/2015,Jun,Wed,27121,32800,22569,16435,0.50,52,62,58,-6134,-0.37
6/25/2015,Jun,Thu,62455,25186,19516,18477,0.73,51,53,64,-1039,-0.06
6/26/2015,Jun,Fri,29731,52408,22081,21701,0.41,66,61,69,-380,-0.02
6/27/2015,Jun,Sat,60088,32370,16882,17417,0.54,62,66,65,535,0.03
6/28/2015,Jun,Sun,20079,65658,17189,22127,0.34,67,60,68,4938,0.22
6/29/2015,Jun,Mon,18618,74422,20738,19467,0.26,67,60,59,-1271,-0.07
6/30/2015,Jun,Tue,63754,71150,22669,20327,0.29,53,61,51,-2342,-0.12
7/1/2015,Jul,Wed,37692,78937,17826,22970,0.29,61,52,56,5144,0.22
7/2/2015,Jul,Thu,31005,60739,16818,22464,0.37,65,65,51,5646,0.25
7/3/2015,Jul,Fri,68525,16051,21969,22099,1.38,62,67,55,130,0.01
7/4/2015,Jul,Sat,23080,16336,20823,19260,1.18,52,56,52,-1563,-0.08
7/5/2015,Jul,Sun,38654,34810,20442,18328,0.53,64,68,56,-2114,-0.12
7/6/2015,Jul,Mon,16366,71167,19261,17172,0.24,63,70,69,-2089,-0.12
7/7/2015,Jul,Tue,37787,39569,20356,16261,0.41,54,57,61,-4095,-0.25
7/8/2015,Jul,Wed,46862,64504,19153,20431,0.32,50,57,54,1278,0.06
7/9/2015,Jul,Thu,71373,57009,17619,19741,0.35,53,63,56,2122,0.11
7/10/2015,Jul,Fri,18178,45757,18041,22304,0.49,51,63,51,4263,0.19
7/11/2015,Jul,Sat,60191,51195,16958,19855,0.39,50,56,62,2897,0.15
7/12/2015,Jul,Sun,43170,37381,21567,19378,0.52,65,63,57,-2189,-0.11
7/13/2015,Jul,Mon,30100,27155,17272,20166,0.74,53,57,54,2894,0.14
7/14/2015,Jul,Tue,16904,37910,22653,17647,0.47,62,62,67,-5006,-0.28
7/15/2015,Jul,Wed,32583,77463,22781,21965,0.28,61,50,63,-816,-0.04
7/16/2015,Jul,Thu,66403,68758,20196,21150,0.31,52,59,60,954,0.05
7/17/2015,Jul,Fri,63218,45471,23371,22446,0.49,54,59,60,-925,-0.04
7/18/2015,Jul,Sat,17252,56722,21856,22268,0.39,67,58,68,412,0.02
7/19/2015,Jul,Sun,60827,26071,23493,21232,0.81,68,55,67,-2261,-0.11
7/20/2015,Jul,Mon,63546,39662,16982,17434,0.44,66,54,64,452,0.03
7/21/2015,Jul,Tue,71172,79260,20230,19785,0.25,51,62,66,-445,-0.02
7/22/2015,Jul,Wed,74005,18318,22455,17421,0.95,59,64,59,-5034,-0.29
7/23/2015,Jul,Thu,55196,62652,18704,22578,0.36,59,67,59,3874,0.17
7/24/2015,Jul,Fri,77564,25845,22198,21055,0.81,51,54,70,-1143,-0.05
7/25/2015,Jul,Sat,52509,53661,19997,23890,0.45,57,53,52,3893,0.16
7/26/2015,Jul,Sun,16809,69024,18147,23087,0.33,65,67,55,4940,0.21
7/27/2015,Jul,Mon,29273,39746,19800,18664,0.47,63,64,61,-1136,-0.06
7/28/2015,Jul,Tue,18477,62182,23075,22204,0.36,67,53,55,-871,-0.04
7/29/2015,Jul,Wed,57710,25427,22710,23973,0.94,64,70,67,1263,0.05
7/30/2015,Jul,Thu,55292,46787,17991,18222,0.39,68,68,54,231,0.01
7/31/2015,Jul,Fri,66296,47090,19680,19779,0.42,59,69,54,99,0.01
8/1/2015,Aug,Sat,49079,77909,20663,21594,0.28,55,51,64,931,0.04
8/2/2015,Aug,Sun,77028,26411,22438,20875,0.79,53,61,66,-1563,-0.07
8/3/2015,Aug,Mon,17355,61055,17778,18363,0.30,57,70,60,585,0.03
8/4/2015,Aug,Tue,71701,57977,18939,20809,0.36,55,65,60,1870,0.09
8/5/2015,Aug,Wed,37915,20266,16667,19531,0.96,52,69,61,2864,0.15
8/6/2015,Aug,Thu,17262,34762,17059,20373,0.59,55,61,62,3314,0.16
8/7/2015,Aug,Fri,46009,64431,21922,18910,0.29,67,50,58,-3012,-0.16
8/8/2015,Aug,Sat,29014,73707,18256,22337,0.30,67,57,63,4081,0.18
8/9/2015,Aug,Sun,36947,35005,20627,16949,0.48,70,61,53,-3678,-0.22
8/10/2015,Aug,Mon,76412,31437,18386,22134,0.70,66,54,66,3748,0.17
8/11/2015,Aug,Tue,76379,79165,22933,22722,0.29,55,52,60,-211,-0.01
8/12/2015,Aug,Wed,40938,52611,22509,22481,0.43,70,65,58,-28,0.00
8/13/2015,Aug,Thu,45569,67149,20594,20020,0.30,59,55,57,-574,-0.03
8/14/2015,Aug,Fri,73570,20294,16866,17168,0.85,65,70,52,302,0.02
8/15/2015,Aug,Sat,70686,42938,16928,17986,0.42,62,60,70,1058,0.06
8/16/2015,Aug,Sun,32736,46298,23921,21925,0.47,60,69,61,-1996,-0.09
8/17/2015,Aug,Mon,66322,64937,19900,21067,0.32,69,65,69,1167,0.06
8/18/2015,Aug,Tue,48070,37258,17952,23684,0.64,59,67,56,5732,0.24
8/19/2015,Aug,Wed,62619,46231,16524,20128,0.44,68,61,53,3604,0.18
8/20/2015,Aug,Thu,20761,41830,20050,18313,0.44,61,53,64,-1737,-0.09
8/21/2015,Aug,Fri,20108,31687,19946,22823,0.72,58,69,57,2877,0.13
8/22/2015,Aug,Sat,65345,33884,20067,21169,0.62,70,69,52,1102,0.05
8/23/2015,Aug,Sun,33431,37976,18741,23654,0.62,60,59,52,4913,0.21
8/24/2015,Aug,Mon,58235,72548,22975,17898,0.25,67,58,62,-5077,-0.28
8/25/2015,Aug,Tue,56364,55903,20649,18693,0.33,63,59,68,-1956,-0.10
8/26/2015,Aug,Wed,59042,75910,18503,23821,0.31,69,54,67,5318,0.22
8/27/2015,Aug,Thu,75857,26643,23083,20038,0.75,63,69,54,-3045,-0.15
8/28/2015,Aug,Fri,62201,42766,23696,17686,0.41,58,63,57,-6010,-0.34
8/29/2015,Aug,Sat,22912,72477,22390,20459,0.28,54,54,50,-1931,-0.09
8/30/2015,Aug,Sun,36503,27025,19632,20591,0.76,55,62,70,959,0.05
8/31/2015,Aug,Mon,28563,28409,20927,21003,0.74,54,65,62,76,0.00
9/1/2015,Sep,Tue,27928,31383,18912,22952,0.73,69,52,70,4040,0.18
9/2/2015,Sep,Wed,59501,29834,16759,17416,0.58,64,58,55,657,0.04
9/3/2015,Sep,Thu,36359,46101,22613,19051,0.41,70,50,65,-3562,-0.19
9/4/2015,Sep,Fri,17308,63291,22609,21089,0.33,56,65,50,-1520,-0.07
9/5/2015,Sep,Sat,59499,51164,17388,21385,0.42,54,63,50,3997,0.19
9/6/2015,Sep,Sun,21113,24248,19946,20613,0.85,63,65,64,667,0.03
9/7/2015,Sep,Mon,73461,38098,21850,16675,0.44,62,59,70,-5175,-0.31
9/8/2015,Sep,Tue,78619,61031,20981,20776,0.34,52,64,62,-205,-0.01
9/9/2015,Sep,Wed,40610,75850,18436,23510,0.31,66,62,53,5074,0.22
9/10/2015,Sep,Thu,62190,37768,21577,18722,0.50,70,59,56,-2855,-0.15
9/11/2015,Sep,Fri,60789,57076,23496,17241,0.30,54,62,60,-6255,-0.36
9/12/2015,Sep,Sat,51847,37370,16422,20707,0.55,58,66,67,4285,0.21
9/13/2015,Sep,Sun,69472,30989,16311,16089,0.52,62,54,58,-222,-0.01
9/14/2015,Sep,Mon,49915,77094,21839,19290,0.25,62,63,60,-2549,-0.13
9/15/2015,Sep,Tue,52199,21921,16440,16520,0.75,62,50,60,80,0.00
9/16/2015,Sep,Wed,52439,64111,18238,18840,0.29,70,70,57,602,0.03
9/17/2015,Sep,Thu,47507,70465,21475,17778,0.25,58,54,59,-3697,-0.21
9/18/2015,Sep,Fri,20573,43444,16858,18744,0.43,66,52,64,1886,0.10
9/19/2015,Sep,Sat,50798,66395,20280,20642,0.31,59,53,55,362,0.02
9/20/2015,Sep,Sun,74209,74044,18233,17418,0.24,66,58,54,-815,-0.05
9/21/2015,Sep,Mon,28357,44040,23123,16861,0.38,57,70,58,-6262,-0.37
9/22/2015,Sep,Tue,42932,65824,17104,18306,0.28,58,59,58,1202,0.07
9/23/2015,Sep,Wed,69547,51385,20615,19957,0.39,56,58,57,-658,-0.03
9/24/2015,Sep,Thu,45638,69688,21778,20787,0.30,63,65,55,-991,-0.05
9/25/2015,Sep,Fri,25043,43211,18152,20734,0.48,61,65,59,2582,0.12
9/26/2015,Sep,Sat,70884,57058,17857,17868,0.31,58,70,59,11,0.00
9/27/2015,Sep,Sun,50518,18079,20465,19159,1.06,54,51,69,-1306,-0.07
9/28/2015,Sep,Mon,51465,70804,20632,21016,0.30,50,60,53,384,0.02
9/29/2015,Sep,Tue,18295,58956,16473,17117,0.29,58,50,68,644,0.04
9/30/2015,Sep,Wed,46756,18360,18967,17013,0.93,57,54,70,-1954,-0.11
10/1/2015,Oct,Thu,52957,34411,23677,17477,0.51,70,70,64,-6200,-0.35
10/2/2015,Oct,Fri,24945,60557,16708,19809,0.33,68,52,57,3101,0.16
10/3/2015,Oct,Sat,20407,53428,20575,21376,0.40,58,70,53,801,0.04
10/4/2015,Oct,Sun,21289,29631,19327,23946,0.81,51,66,52,4619,0.19
10/5/2015,Oct,Mon,21646,60373,19426,18787,0.31,57,63,67,-639,-0.03
10/6/2015,Oct,Tue,22381,37424,23583,23689,0.63,61,59,69,106,0.00
10/7/2015,Oct,Wed,32081,36072,18644,19450,0.54,53,63,69,806,0.04
10/8/2015,Oct,Thu,27818,71814,18342,17279,0.24,55,57,64,-1063,-0.06
10/9/2015,Oct,Fri,46984,49506,20282,23776,0.48,62,56,65,3494,0.15
10/10/2015,Oct,Sat,69072,75215,22894,20565,0.27,52,66,54,-2329,-0.11
10/11/2015,Oct,Sun,23889,39122,20028,16103,0.41,69,62,63,-3925,-0.24
10/12/2015,Oct,Mon,50913,20899,17986,16505,0.79,62,58,56,-1481,-0.09
10/13/2015,Oct,Tue,22233,35939,16369,19770,0.55,54,61,61,3401,0.17
10/14/2015,Oct,Wed,73202,65583,21343,17357,0.26,56,64,62,-3986,-0.23
10/15/2015,Oct,Thu,28496,19228,16426,19778,1.03,63,57,53,3352,0.17
10/16/2015,Oct,Fri,48157,33447,20229,18006,0.54,50,69,67,-2223,-0.12
10/17/2015,Oct,Sat,55063,40227,17278,19806,0.49,69,67,65,2528,0.13
10/18/2015,Oct,Sun,50574,78717,22550,17768,0.23,50,68,52,-4782,-0.27
10/19/2015,Oct,Mon,53390,43589,19388,17193,0.39,64,66,64,-2195,-0.13
10/20/2015,Oct,Tue,46612,63663,19073,19513,0.31,62,58,60,440,0.02
10/21/2015,Oct,Wed,55213,45841,16180,22098,0.48,54,53,69,5918,0.27
10/22/2015,Oct,Thu,74212,18974,21947,17368,0.92,67,69,65,-4579,-0.26
10/23/2015,Oct,Fri,32587,33998,18813,16851,0.50,56,70,63,-1962,-0.12
10/24/2015,Oct,Sat,60185,52145,19104,18179,0.35,55,65,60,-925,-0.05
10/25/2015,Oct,Sun,25850,68772,16283,22566,0.33,69,62,66,6283,0.28
10/26/2015,Oct,Mon,42960,75233,19582,21927,0.29,52,60,69,2345,0.11
10/27/2015,Oct,Tue,78471,30156,16273,17415,0.58,66,50,66,1142,0.07
10/28/2015,Oct,Wed,53873,71596,22307,19690,0.28,62,66,67,-2617,-0.13
10/29/2015,Oct,Thu,42687,37930,19915,22904,0.60,52,66,54,2989,0.13
10/30/2015,Oct,Fri,32030,25047,22085,19885,0.79,69,68,60,-2200,-0.11
10/31/2015,Oct,Sat,48170,77587,18769,22616,0.29,69,50,53,3847,0.17
11/1/2015,Nov,Sun,75144,19932,18081,17237,0.86,70,61,51,-844,-0.05
11/2/2015,Nov,Mon,46318,78501,21731,18941,0.24,66,67,67,-2790,-0.15
11/3/2015,Nov,Tue,28850,34811,20944,19538,0.56,54,51,51,-1406,-0.07
11/4/2015,Nov,Wed,16543,27779,18766,17373,0.63,58,54,62,-1393,-0.08
11/5/2015,Nov,Thu,78456,16191,22655,22497,1.39,65,65,60,-158,-0.01
11/6/2015,Nov,Fri,69930,75129,19751,17161,0.23,58,65,54,-2590,-0.15
11/7/2015,Nov,Sat,74579,16260,20616,19606,1.21,65,68,60,-1010,-0.05
11/8/2015,Nov,Sun,75992,54449,16183,23135,0.42,56,58,66,6952,0.30
11/9/2015,Nov,Mon,34897,20554,19072,19583,0.95,63,51,61,511,0.03
11/10/2015,Nov,Tue,30162,23774,16786,22039,0.93,67,50,60,5253,0.24
11/11/2015,Nov,Wed,35848,17246,23423,17737,1.03,66,52,60,-5686,-0.32
11/12/2015,Nov,Thu,45019,20495,17362,21251,1.04,66,65,64,3889,0.18
11/13/2015,Nov,Fri,51772,65839,20682,16595,0.25,69,63,59,-4087,-0.25
11/14/2015,Nov,Sat,73456,78777,20363,16578,0.21,53,54,61,-3785,-0.23
11/15/2015,Nov,Sun,79835,31679,17137,20011,0.63,67,68,55,2874,0.14
11/16/2015,Nov,Mon,16290,30974,17455,20030,0.65,61,61,61,2575,0.13
11/17/2015,Nov,Tue,37991,46828,16635,17272,0.37,65,61,51,637,0.04
11/18/2015,Nov,Wed,72582,75003,16788,22613,0.30,66,53,51,5825,0.26
11/19/2015,Nov,Thu,37450,19559,19127,21781,1.11,66,56,54,2654,0.12
11/20/2015,Nov,Fri,78585,44069,18675,17231,0.39,52,63,67,-1444,-0.08
11/21/2015,Nov,Sat,63553,64352,22776,20631,0.32,55,64,58,-2145,-0.10
11/22/2015,Nov,Sun,35255,38392,20452,21230,0.55,51,51,63,778,0.04
11/23/2015,Nov,Mon,60474,60856,22361,16269,0.27,69,64,52,-6092,-0.37
11/24/2015,Nov,Tue,51008,38581,18982,18666,0.48,65,53,58,-316,-0.02
11/25/2015,Nov,Wed,70682,29022,19261,16745,0.58,65,66,68,-2516,-0.15
11/26/2015,Nov,Thu,57067,76174,23816,23715,0.31,57,62,68,-101,0.00
11/27/2015,Nov,Fri,28765,24208,22118,21457,0.89,54,62,67,-661,-0.03
11/28/2015,Nov,Sat,31980,48556,18534,21670,0.45,59,61,62,3136,0.14
11/29/2015,Nov,Sun,72105,43036,17056,22625,0.53,67,57,63,5569,0.25
11/30/2015,Nov,Mon,52906,46819,21679,21146,0.45,50,67,63,-533,-0.03
12/1/2015,Dec,Tue,76113,76743,21590,18914,0.25,51,62,69,-2676,-0.14
12/2/2015,Dec,Wed,23995,44507,22921,16715,0.38,51,65,56,-6206,-0.37
12/3/2015,Dec,Thu,55454,46280,17617,22950,0.50,51,55,62,5333,0.23
12/4/2015,Dec,Fri,61984,54180,19667,17929,0.33,62,68,70,-1738,-0.10
12/5/2015,Dec,Sat,28749,18116,16459,19500,1.08,69,69,68,3041,0.16
12/6/2015,Dec,Sun,36945,66530,16626,19848,0.30,57,66,62,3222,0.16
12/7/2015,Dec,Mon,23818,38172,22253,20752,0.54,56,68,51,-1501,-0.07
12/8/2015,Dec,Tue,19486,54470,23635,22926,0.42,64,52,56,-709,-0.03
12/9/2015,Dec,Wed,29078,28081,18591,22581,0.80,64,62,69,3990,0.18
12/10/2015,Dec,Thu,73198,18101,20560,20782,1.15,68,55,60,222,0.01
12/11/2015,Dec,Fri,44134,55615,21133,19935,0.36,54,55,63,-1198,-0.06
12/12/2015,Dec,Sat,47846,46457,20800,21370,0.46,66,69,62,570,0.03
12/13/2015,Dec,Sun,78688,23339,18873,16625,0.71,65,50,61,-2248,-0.14
12/14/2015,Dec,Mon,73588,75724,23555,20843,0.28,70,53,53,-2712,-0.13
12/15/2015,Dec,Tue,28934,21837,21685,23836,1.09,61,65,53,2151,0.09
12/16/2015,Dec,Wed,53635,43335,17877,19824,0.46,57,55,70,1947,0.10
12/17/2015,Dec,Thu,69982,71122,19672,20180,0.28,50,56,51,508,0.03
12/18/2015,Dec,Fri,75594,65019,16155,17738,0.27,59,61,62,1583,0.09
12/19/2015,Dec,Sat,30442,37215,19849,20458,0.55,64,51,67,609,0.03
12/20/2015,Dec,Sun,74256,48614,22839,21540,0.44,50,60,68,-1299,-0.06
12/21/2015,Dec,Mon,38420,56073,16186,23896,0.43,61,67,61,7710,0.32
12/22/2015,Dec,Tue,17011,21028,16249,21270,1.01,65,66,64,5021,0.24
12/23/2015,Dec,Wed,31885,39011,23678,16426,0.42,62,58,70,-7252,-0.44
12/24/2015,Dec,Thu,35927,28389,20151,20686,0.73,66,53,53,535,0.03
12/25/2015,Dec,Fri,72265,32790,16077,22264,0.68,59,64,58,6187,0.28
12/26/2015,Dec,Sat,17607,60695,22333,21156,0.35,62,55,62,-1177,-0.06
12/27/2015,Dec,Sun,41648,19574,20052,19333,0.99,56,52,52,-719,-0.04
12/28/2015,Dec,Mon,47094,38829,21787,22527,0.58,68,60,55,740,0.03
12/29/2015,Dec,Tue,48691,16874,16384,18402,1.09,70,50,69,2018,0.11
12/30/2015,Dec,Wed,79169,47533,19871,21836,0.46,57,51,58,1965,0.09
12/31/2015,Dec,Thu,44174,19292,20808,19320,1.00,62,62,62,-1488,-0.08
,,,,,,,,,,,,
,,,,,,,,,,,,
,,,,,,,,,,,,
